id,bridge_no,bridge_name,route_name,route_grade,bridge_type,structure_type,span_combination,total_length,total_width,clear_span,design_load,anti_seismic,design_unit,construct_unit,supervise_unit,complete_date,open_date,manage_unit,maintain_unit,check_level,tech_status,maintenance_length,longitude,latitude,photo_front,photo_left,photo_right,remark
1,CQ001,石板坡长江大桥,长江大桥南桥头立交,城市主干路,梁式桥,预应力混凝土T型刚构,86.5+4×138+156+174+104.5,1120.00,21.00,165.30,公路-Ⅱ级,6度,上海市政工程设计院,重庆市桥梁工程公司,重庆交通工程监理公司,1980-07-01,1980-07-01,重庆市城投公司,重庆路桥股份有限公司,Ⅰ,1,1120.00,106.5500,29.5570,,,,重庆中心城区首座跨长江公路桥，桥头有春夏秋冬雕塑
2,CQ002,石板坡长江大桥复线桥,长江大桥南桥头立交,城市主干路,梁式桥,预应力混凝土连续刚构,87.35+4×138+330+133.75,1103.00,19.00,313.50,城-A级,6度,上海市政工程设计研究院,中交第二航务工程局,重庆华兴工程监理公司,2006-09-25,2006-09-25,重庆市城投公司,重庆路桥股份有限公司,Ⅰ,1,1103.00,106.5510,29.5560,,,,世界最大跨径连续刚构桥
3,CQ003,菜园坝长江大桥,重庆内环快速,城市快速路,钢-混凝土组合拱桥,中承式钢箱系杆拱桥,102+88+420+102+88,800.00,30.50,399.00,城-A级,6度,中铁大桥勘测设计院,中铁大桥局集团,中铁华铁工程设计集团,2007-10-29,2007-10-29,重庆市建委,重庆市市政设施管理局,Ⅰ,1,1866.00,106.5450,29.5520,,,,世界首座公轨两用城市大桥
4,CQ004,鹅公岩长江大桥,九龙坡区主干道,城市快速路,悬索桥,门型双塔柱悬索桥,600,1420.00,35.50,594.00,城-A级,6度,重庆市设计院,重庆桥梁工程总公司,重庆交通工程监理公司,2000-12-28,2000-12-28,重庆市城投公司,重庆市市政设施管理局,Ⅰ,1,1022.00,106.5200,29.5300,,,,世界最大跨度自锚式悬索桥
5,CQ005,鹅公岩轨道大桥,轨道环线,城市轨道交通,悬索桥,五跨连续钢箱梁自锚式悬索桥,600,1120.00,20.00,594.00,城-B级,6度,中铁二院工程集团,中铁大桥局集团,重庆赛迪工程咨询公司,2019-07-01,2019-07-01,重庆市轨道集团,重庆市轨道交通维保公司,Ⅰ,1,1120.00,106.5210,29.5290,,,,轨道环线专用桥
6,CQ006,李家沱长江大桥,巴南区李家沱大道,城市主干路,斜拉桥,双塔双索面预应力混凝土斜拉桥,444,1288.00,24.50,439.56,公路-Ⅰ级,6度,重庆市设计院,重庆桥梁工程总公司,重庆交通工程监理公司,1997-12-01,1997-12-01,重庆市城投公司,重庆市市政设施管理局,Ⅰ,1,1288.00,106.5400,29.4800,,,,当时国内最大斜拉桥
7,CQ007,马桑溪长江大桥,内环快速路,城市快速路,斜拉桥,三跨双塔双索面漂浮体系斜拉桥,360,1104.00,28.80,356.40,公路-Ⅰ级,6度,中交公路规划设计院,中交第二航务工程局,重庆华兴工程监理公司,2001-12-26,2001-12-26,重庆高速集团,重庆高速养护公司,Ⅰ,1,1104.00,106.4900,29.4700,,,,采用世界最先进平行钢绞线斜拉索体系
8,CQ008,鱼洞长江大桥,渝南大道,城市主干路,梁式桥,预应力混凝土连续刚构,260,1541.60,41.60,257.40,城-A级,6度,中铁二院工程集团,中铁大桥局集团,中铁华铁工程设计集团,2011-08-13,2011-08-13,重庆市城投公司,重庆市市政设施管理局,Ⅰ,1,1541.60,106.5000,29.3800,,,,世界首座同桥面公路轻轨两用桥
9,CQ009,东水门长江大桥,渝中区东水门,城市快速路,斜拉桥,双塔单索面钢桁梁斜拉桥,445,858.00,24.00,440.55,城-A级,6度,中铁大桥勘测设计院,中铁大桥局集团,重庆赛迪工程咨询公司,2014-03-31,2014-03-31,重庆市城投公司,重庆市市政设施管理局,Ⅰ,1,858.00,106.5900,29.5600,,,,公轨两用桥，天梭形双桥塔
10,CQ010,朝天门长江大桥,重庆内环快速,城市快速路,拱桥,中承式连续钢桁系杆拱桥,190+552+190,1741.00,36.50,546.48,城-A级,6度,中铁大桥勘测设计院,中铁大桥局集团,中铁华铁工程设计集团,2009-04-29,2009-04-29,重庆市建委,重庆市市政设施管理局,Ⅰ,1,1741.00,106.6000,29.5800,,,,世界第一大跨径拱桥
11,CQ011,大佛寺长江大桥,内环快速路,城市快速路,斜拉桥,双塔双索面斜拉桥,450,1168.00,28.00,445.50,公路-Ⅰ级,6度,中交公路规划设计院,中交第二航务工程局,重庆华兴工程监理公司,2002-01-01,2002-01-01,重庆高速集团,重庆高速养护公司,Ⅰ,1,1168.00,106.6200,29.6000,,,,主城区下游第一座长江大桥
12,CQ012,寸滩长江大桥,重庆内环快速,城市快速路,悬索桥,钢箱梁单跨悬索桥,880,1520.00,35.00,871.20,城-A级,6度,中铁大桥勘测设计院,中铁大桥局集团,中铁华铁工程设计集团,2017-12-31,2017-12-31,重庆市城投公司,重庆市市政设施管理局,Ⅰ,1,1520.00,106.6300,29.6200,,,,主城上游重要跨江通道
13,CQ013,鱼嘴两江大桥,绕城高速,高速公路,悬索桥,单跨双铰简支钢箱梁悬索桥,616,1438.00,33.50,609.84,公路-Ⅰ级,6度,中交公路规划设计院,中交第二航务工程局,重庆华兴工程监理公司,2009-12-31,2009-12-31,重庆高速集团,重庆高速养护公司,Ⅰ,1,1438.00,106.6800,29.6500,,,,绕城高速跨长江通道
14,CQ014,观音岩长江大桥,成渝高速,高速公路,斜拉桥,双塔双索面斜拉桥,450,1120.00,29.00,445.50,公路-Ⅰ级,6度,中交公路规划设计院,中交第二航务工程局,重庆华兴工程监理公司,2009-12-31,2009-12-31,重庆高速集团,重庆高速养护公司,Ⅰ,1,1120.00,106.2500,29.3000,,,,成渝高速跨长江通道
15,CQ015,鼎山长江大桥,江津区鼎山大道,城市主干路,斜拉桥,公轨两用斜拉桥,464,1100.00,30.00,459.36,城-A级,6度,中铁大桥勘测设计院,中铁大桥局集团,中铁华铁工程设计集团,2013-06-26,2013-06-26,江津区建委,江津区市政局,Ⅰ,1,1100.00,106.2700,29.2800,,,,重庆首座公轨两用斜拉桥
16,CQ016,地维长江大桥,珞璜镇地维大道,二级公路,斜拉桥,双塔双索面预应力混凝土斜拉桥,345,737.00,15.00,341.55,公路-Ⅱ级,6度,重庆市交通规划设计院,重庆桥梁工程总公司,重庆交通工程监理公司,2006-12-28,2006-12-28,重庆市交通局,江津区公路局,Ⅱ,1,737.00,106.4200,29.3200,,,,珞璜工业园区跨江通道
17,CQ017,外环江津长江大桥,绕城高速,高速公路,斜拉桥,中国首座跨长江叠合梁斜拉桥,436,1170.00,33.50,431.64,公路-Ⅰ级,6度,中交公路规划设计院,中交第二航务工程局,重庆华兴工程监理公司,2009-12-31,2009-12-31,重庆高速集团,重庆高速养护公司,Ⅰ,1,1170.00,106.2800,29.2600,,,,绕城高速跨长江通道
18,CQ018,白沙沱长江大桥,渝黔铁路,铁路专用,梁式桥,钢桁梁桥,80,820.00,10.00,79.20,中-活载,6度,铁道部大桥工程局,铁道部大桥工程局,铁道部监理公司,1959-12-10,1959-12-10,成都铁路局,成都铁路局重庆工务段,Ⅰ,1,820.00,106.4200,29.3500,,,,重庆第一座跨长江铁路桥
19,CQ019,新白沙沱长江大桥,渝黔铁路,铁路专用,斜拉桥,双层六线铁路斜拉桥,432,5320.00,24.50,427.68,中-活载,6度,中铁大桥勘测设计院,中铁大桥局集团,中铁华铁工程设计集团,2018-01-25,2018-01-25,成都铁路局,成都铁路局重庆工务段,Ⅰ,1,5320.00,106.4210,29.3510,,,,世界首座双层六线铁路斜拉桥
20,CQ020,江津长江大桥,江津区长江路,二级公路,梁式桥,预应力混凝土T型刚构,240,1360.00,16.50,237.60,公路-Ⅱ级,6度,重庆市交通规划设计院,重庆桥梁工程总公司,重庆交通工程监理公司,1997-12-01,1997-12-01,江津区交通局,江津区公路局,Ⅱ,1,1360.00,106.2500,29.2800,,,,江津区跨长江通道
21,CQ021,几江长江大桥,江津区几江大道,城市主干路,悬索桥,单跨悬索桥,600,1738.00,30.50,594.00,城-A级,6度,中铁大桥勘测设计院,中铁大桥局集团,中铁华铁工程设计集团,2016-07-08,2016-07-08,江津区建委,江津区市政局,Ⅰ,1,1738.00,106.2600,29.2900,,,,江津区重要跨江通道
22,CQ022,油溪长江大桥,合璧津高速,高速公路,斜拉桥,双塔双索面斜拉桥,460,1178.00,33.50,455.40,公路-Ⅰ级,6度,中交公路规划设计院,中交第二航务工程局,重庆华兴工程监理公司,2023-01-01,2023-01-01,重庆高速集团,重庆高速养护公司,Ⅰ,1,1178.00,106.2200,29.2400,,,,合璧津高速跨长江通道
23,CQ023,永川长江大桥,三环高速,高速公路,斜拉桥,双塔双索面斜拉桥,608,1895.00,33.50,601.92,公路-Ⅰ级,6度,中交公路规划设计院,中交第二航务工程局,重庆华兴工程监理公司,2014-12-26,2014-12-26,重庆高速集团,重庆高速养护公司,Ⅰ,1,1895.00,105.9200,29.3800,,,,三环高速跨长江通道
24,CQ024,郭家沱长江大桥,快速路六纵线,城市快速路,悬索桥,单跨悬索桥,720,1403.00,37.00,712.80,城-A级,6度,中铁大桥勘测设计院,中铁大桥局集团,中铁华铁工程设计集团,2023-01-18,2023-01-18,重庆市住建委,重庆市市政设施管理局,Ⅰ,1,1403.00,106.6800,29.6000,,,,世界最大跨径公轨两用悬索桥
25,CQ025,白居寺长江大桥,巴滨路,城市主干路,斜拉桥,双塔双索面斜拉桥,660,1384.00,35.00,653.40,城-A级,6度,重庆市市政设计研究院,中交第二航务工程局,重庆赛迪工程咨询公司,2022-01-24,2022-01-24,巴南区建委,巴南区市政局,Ⅰ,1,1384.00,106.5200,29.4200,,,,水滴形桥塔，网红打卡桥
26,CQ026,牛角沱嘉陵江大桥,渝中区上清寺,城市主干路,梁式桥,双悬臂带吊孔钢桁梁桥,88,600.56,21.50,87.12,公路-Ⅱ级,6度,铁道部大桥工程局,重庆市桥梁工程公司,铁道部监理公司,1966-01-20,1966-01-20,重庆市城投公司,重庆路桥股份有限公司,Ⅰ,1,600.56,106.5500,29.5650,,,,重庆中心城区第一座跨江大桥
27,CQ027,渝澳嘉陵江大桥,渝中区上清寺,城市主干路,梁式桥,预应力混凝土连续刚构,1370,1370.00,24.00,1356.30,城-A级,6度,重庆市设计院,重庆桥梁工程总公司,重庆交通工程监理公司,2002-01-11,2002-01-11,重庆市城投公司,重庆市市政设施管理局,Ⅰ,1,1370.00,106.5520,29.5670,,,,重庆与澳门友谊之桥
28,CQ028,嘉华嘉陵江大桥,渝中区华村,城市快速路,梁式桥,预应力混凝土连续刚构,252,528.00,35.60,249.48,城-A级,6度,重庆市市政设计研究院,重庆桥梁工程总公司,重庆赛迪工程咨询公司,2007-06-16,2007-06-16,重庆市建委,重庆市市政设施管理局,Ⅰ,1,4350.00,106.5200,29.5500,,,,全长4.35公里含立交隧道
29,CQ029,石门嘉陵江大桥,沙坪坝区中渡口,城市主干路,斜拉桥,独塔单索面预应力混凝土斜拉桥,200+300,1096.50,25.50,495.00,公路-Ⅰ级,6度,上海市政工程设计院,四川省重庆市桥梁工程公司,重庆交通工程监理公司,1988-12-25,1988-12-25,重庆路桥股份有限公司,重庆路桥股份有限公司,Ⅰ,1,1096.50,106.4800,29.5700,,,,当时国内同类桥梁跨径最大
30,CQ030,高家花园嘉陵江大桥,沙坪坝区高家花园,城市快速路,斜拉桥,双塔双索面斜拉桥,240,1000.00,25.50,237.60,公路-Ⅰ级,6度,重庆市交通规划设计院,重庆桥梁工程总公司,重庆交通工程监理公司,1998-12-01,1998-12-01,重庆高速集团,重庆高速养护公司,Ⅰ,1,1000.00,106.4500,29.5900,,,,内环快速路跨嘉陵江通道
31,CQ031,高家花园复线桥,沙坪坝区高家花园,城市快速路,斜拉桥,双塔双索面斜拉桥,240,1000.00,33.50,237.60,城-A级,6度,重庆市市政设计研究院,中交第二航务工程局,重庆赛迪工程咨询公司,2017-12-31,2017-12-31,重庆市住建委,重庆市市政设施管理局,Ⅰ,1,1000.00,106.4510,29.5910,,,,缓解高家花园大桥交通压力
32,CQ032,双碑嘉陵江大桥,沙坪坝区双碑,城市快速路,斜拉桥,双塔单索面混凝土箱梁斜拉桥,330,1928.00,33.50,326.70,城-A级,6度,中铁大桥勘测设计院,中铁大桥局集团,中铁华铁工程设计集团,2015-02-13,2015-02-13,重庆市住建委,重庆市市政设施管理局,Ⅰ,1,1928.00,106.4400,29.6100,,,,双碑片区跨嘉陵江通道
33,CQ033,马鞍石嘉陵江大桥,渝北区礼嘉,高速公路,梁式桥,预应力混凝土T型刚构,200,1006.00,25.50,198.00,公路-Ⅰ级,6度,中交公路规划设计院,中交第二航务工程局,重庆华兴工程监理公司,2001-12-26,2001-12-26,重庆高速集团,重庆高速养护公司,Ⅰ,1,1006.00,106.5300,29.6800,,,,渝合高速跨嘉陵江通道
34,CQ034,蔡家嘉陵江大桥,北碚区蔡家,城市主干路,斜拉桥,双塔双索面斜拉桥,320,1420.00,37.00,316.80,城-A级,6度,重庆市市政设计研究院,中交第二航务工程局,重庆赛迪工程咨询公司,2021-09-29,2021-09-29,重庆市住建委,重庆市市政设施管理局,Ⅰ,1,1420.00,106.5100,29.7300,,,,蔡家组团跨嘉陵江通道
35,CQ035,礼嘉嘉陵江大桥,渝北区礼嘉,城市快速路,组合体系桥,梁拱组合刚构桥,245,785.00,35.00,242.55,城-A级,6度,林同棪国际工程咨询,中建五局,重庆赛迪工程咨询公司,2021-09-29,2021-09-29,重庆市住建委,重庆市市政设施管理局,Ⅰ,1,785.00,106.5000,29.7000,,,,全国首座大跨径梁拱组合体系桥
36,CQ036,水土嘉陵江大桥,北碚区水土,城市主干路,斜拉桥,双塔双索面斜拉桥,310,966.00,35.00,306.90,城-A级,6度,重庆市市政设计研究院,中交第二航务工程局,重庆赛迪工程咨询公司,2021-09-29,2021-09-29,重庆市住建委,重庆市市政设施管理局,Ⅰ,1,966.00,106.5500,29.7800,,,,水土组团跨嘉陵江通道
37,CQ037,嘉悦嘉陵江大桥,北碚区蔡家,高速公路,斜拉桥,双塔双索面斜拉桥,250,768.00,33.50,247.50,公路-Ⅰ级,6度,中交公路规划设计院,中交第二航务工程局,重庆华兴工程监理公司,2010-12-31,2010-12-31,重庆高速集团,重庆高速养护公司,Ⅰ,1,768.00,106.5600,29.7500,,,,嘉悦大道跨嘉陵江通道
38,CQ038,千厮门嘉陵江大桥,渝中区解放碑,城市主干路,斜拉桥,双塔单索面斜拉桥,312,881.00,24.00,308.88,城-A级,6度,中铁大桥勘测设计院,中铁大桥局集团,中铁华铁工程设计集团,2015-04-29,2015-04-29,重庆市城投公司,重庆市市政设施管理局,Ⅰ,1,881.00,106.5800,29.5700,,,,公轨两用桥，洪崖洞旁网红桥
39,CQ039,黄花园嘉陵江大桥,渝中区黄花园,城市主干路,梁式桥,预应力混凝土连续刚构,250,1208.00,31.00,247.50,城-A级,6度,重庆市市政设计研究院,重庆桥梁工程总公司,重庆赛迪工程咨询公司,1999-12-26,1999-12-26,重庆市建委,重庆市市政设施管理局,Ⅰ,1,1208.00,106.5700,29.5650,,,,重庆直辖后主城首座大桥
40,CQ040,曾家岩嘉陵江大桥,渝中区曾家岩,城市主干路,梁式桥,预应力混凝土连续刚构,270,547.00,31.00,267.30,城-A级,6度,重庆市市政设计研究院,中交第二航务工程局,重庆赛迪工程咨询公司,2020-12-31,2020-12-31,重庆市住建委,重庆市市政设施管理局,Ⅰ,1,547.00,106.5500,29.5700,,,,公轨两用桥
41,CQ041,红岩村嘉陵江大桥,渝中区红岩村,城市主干路,梁式桥,预应力混凝土连续刚构,375,720.00,31.00,371.25,城-A级,6度,重庆市市政设计研究院,中交第二航务工程局,重庆赛迪工程咨询公司,2023-10-01,2023-10-01,重庆市住建委,重庆市市政设施管理局,Ⅰ,1,720.00,106.5100,29.5600,,,,红岩村大桥公轨两用
42,CQ042,井口嘉陵江大桥,沙坪坝区井口,铁路专用,梁式桥,预应力混凝土连续梁桥,200,1100.00,12.00,198.00,中-活载,6度,中铁二院工程集团,中铁大桥局集团,铁道部监理公司,2005-12-31,2005-12-31,成都铁路局,成都铁路局重庆工务段,Ⅰ,1,1100.00,106.4200,29.6400,,,,渝怀铁路跨嘉陵江通道
43,CQ043,东阳嘉陵江大桥,北碚区东阳,城市主干路,梁式桥,预应力混凝土T型刚构,200,1100.00,25.50,198.00,公路-Ⅰ级,6度,重庆市交通规划设计院,重庆桥梁工程总公司,重庆交通工程监理公司,2003-12-31,2003-12-31,北碚区交通局,北碚区公路局,Ⅱ,1,1100.00,106.4200,29.8300,,,,北碚区跨嘉陵江通道
44,CQ044,北碚嘉陵江大桥,北碚区城区,二级公路,拱桥,钢筋混凝土拱桥,80,380.00,12.00,79.20,公路-Ⅱ级,6度,重庆市交通规划设计院,重庆桥梁工程总公司,重庆交通工程监理公司,1971-06-01,1971-06-01,北碚区交通局,北碚区公路局,Ⅱ,1,380.00,106.4000,29.8000,,,,北碚老城区跨嘉陵江通道
45,CQ045,朝阳嘉陵江大桥,北碚区朝阳,三级公路,拱桥,石拱桥,50,240.00,8.50,49.50,公路-Ⅱ级,6度,区县公路设计室,地方路桥公司,区县交通监理站,1969-05-01,1969-05-01,北碚区交通局,北碚区公路局,Ⅲ,1,240.00,106.3900,29.8200,,,,北碚区早期跨江桥梁
46,CQ046,涪陵长江大桥,涪陵区滨江路,二级公路,斜拉桥,双塔双索面斜拉桥,450,2332.00,25.50,445.50,公路-Ⅰ级,6度,中交公路规划设计院,中交第二航务工程局,重庆华兴工程监理公司,1997-06-01,1997-06-01,涪陵区交通局,涪陵区公路局,Ⅰ,1,2332.00,107.4000,29.7000,,,,涪陵区跨长江通道
47,CQ047,万州长江大桥,万州区城区,二级公路,拱桥,钢筋混凝土箱形拱桥,420,856.00,23.00,415.80,公路-Ⅱ级,6度,四川省交通规划设计院,四川路桥集团,四川交通监理公司,1997-05-01,1997-05-01,万州区交通局,万州区公路局,Ⅰ,1,856.00,108.4000,30.8000,,,,万州区跨长江通道
48,CQ048,奉节长江大桥,奉节县城区,二级公路,斜拉桥,双塔双索面斜拉桥,460,1206.00,24.00,455.40,公路-Ⅱ级,6度,中交公路规划设计院,中交第二航务工程局,重庆华兴工程监理公司,2006-01-01,2006-01-01,奉节县交通局,奉节县公路局,Ⅰ,1,1206.00,109.4500,31.0200,,,,奉节县跨长江通道
49,CQ049,巫山长江大桥,巫山县城区,二级公路,拱桥,钢管混凝土拱桥,460,612.00,20.00,455.40,公路-Ⅱ级,6度,中铁大桥勘测设计院,中铁大桥局集团,中铁华铁工程设计集团,2005-01-08,2005-01-08,巫山县交通局,巫山县公路局,Ⅰ,1,612.00,109.8500,31.0800,,,,当时世界最大跨径钢管混凝土拱桥
50,CQ050,黔江武陵山大桥,黔江区城区,二级公路,斜拉桥,双塔双索面斜拉桥,280,832.00,22.00,277.20,公路-Ⅱ级,6度,重庆市交通规划设计院,重庆桥梁工程总公司,重庆交通工程监理公司,2014-12-31,2014-12-31,黔江区交通局,黔江区公路局,Ⅱ,1,832.00,108.7500,29.5200,,,,黔江区跨阿蓬江通道
